Key,Ingredients
butter,0
margarine,1
sugar,2
flour,3
eggs,4
salt,5
vanilla,6
buttermilk,7
soysauce,8
whitepepper,9
eggsubstitute,10
cornstarch,11
bambooshoot,12
waterchestnut,13
carrot,14
shiitakemushroom,15
caketofu,16
whitevinegar,17
scallion,18
blueberries,19
lemonjuice,20
all-purposeflour,21
lemonzest,22
cinnamon,23
nutmeg,24
pepper,25
preparedmustard,26
Worcestershiresauce,27
grahamcrackercrumbs,28
creamcheese,29
lemons,30
strawberry,31
water,32
groundnutmeg,33
rhubarb,34
solidpackpumpkin,35
evaporatedmilk,36
pumpkinpiespice,37
pecans,38
apples,39
shortening,40
coldwater,41
headofcabbage,42
onions,43
leanbeef,44
porksausage,45
whiterice,46
brownrice,47
allspice,48
tomatoes,49
tomatosauce,50
tomatopaste,51
thyme,52
sourcream,53
angelhairpasta,54
bonelessskinlesschickenbreasthalves,55
egg,56
mozzarellacheese,57
parmesancheese,58
freshparsley,59
basilsprig,60
beefsirloin,61
mushrooms,62
onion,63
garlicpowder,64
beefbroth,65
blackberries,66
chickenpieces,67
garlic,68
blackpeppercorns,69
bayleaf,70
potatoes,71
beefbouilloncubes,72
driedoregano,73
driedbasil,74
driedthyme,75
blackpepper,76
celery,77
carrots,78
elbowmacaroni,79
bonelessskinlesschickenbreasts,80
chickenfillet,81
canolaoil,82
quick-cookingoats,83
brownsugar,84
pumpkin,85
ginger,86
clove,87
chickenparts,88
freshpepper,89
paprika,90
onionpowder,91
cornflour,92
mandarinoranges,93
greenpepper,94
bakingpowder,95
vegetableshortening,96
cidervinegar,97
cannedpumpkin,98
preparedgrahamcrackercrust,99
heavywhippingcream,100
milk,101
vanillaextract,102
fryingchickens,103
bakingsoda,104
garlicclove,105
oliveoil,106
rice,107
cornedbeefbrisket,108
maltvinegar,109
stoutbeer,110
mustardseeds,111
wholeallspice,112
bayleaves,113
cabbage,114
smallredpotatoes,115
coarsegrainmustard,116
Dijonmustard,117
horseradish,118
strawberries,119
enrichedflour,120
freshginger,121
greenonion,122
cookingonions,123
drywhitewine,124
swisscheese,125
leangroundbeef,126
freshgroundblackpepper,127
greenchilies,128
greenchilisalsa,129
chickenbroth,130
cumin,131
Mexicanoregano,132
chilipowder,133
freshcilantro,134
lime,135
juiceof,136
softtaco-sizeflourtortillas,137
cheddarcheese,138
lettuce,139
Criscoshortening,140
tartapples,141
boilingwater,142
grannysmithapples,143
bacon,144
Accentseasoning,145
beer,146
chicken,147
garliccloves,148
cayennepepper,149
chickenwings,150
chickendrumsticks,151
lightbutter,152
catsup,153
barbecuesauce,154
shrimp,155
peas,156
rumproast,157
dicedtomatoes,158
bellpepper,159
flourtortilla,160
salsa,161
honey,162
darkbrownsugar,163
freshgroundpepper,164
whitesugar,165
hard-boiledeggs,166
mayonnaise,167
toproundsteaks,168
freshmushrooms,169
frozenspinach,170
mushroom,171
dryredwine,172
oregano,173
blackolives,174
greenolives,175
fetacheese,176
chickenbreasts,177
Roteltomatoes&chilies,178
corntortillas,179
freshlimejuice,180
montereyjackcheese,181
country-styleporkribs,182
maplesyrup,183
applesauce,184
ketchup,185
groundcinnamon,186
kaleleaves,187
heavycream,188
zucchini,189
creamoftartar,190
crushedpineapple,191
groundpork,192
groundsausage,193
groundbeef,194
cannedtomatosauce,195
crushedtomatoes,196
driedparsley,197
smallcurdcottagecheese,198
ricottacheese,199
groundblackpepper,200
drylasagnanoodles,201
lemon-pepperseasoning,202
extravirginoliveoil,203
parsleysprig,204
cherrytomatoes,205
rosemary,206
parsley,207
vinegar,208
koshersalt,209
bananas,210
lightbrownsugar,211
icecream,212
greenbellpepper,213
snowpeas,214
cashews,215
cookedwhiterice,216
lightcornsyrup,217
quick-cookingoatmeal,218
greenpeppers,219
linguine,220
distilledwhitevinegar,221
yellowonion,222
freshwhitemushrooms,223
beansprouts,224
molasses,225
Swansonchickenbroth,226
beeftoproundsteak,227
lightsoysauce,228
redbellpepper,229
yellowbellpepper,230
choppedtomato,231
mustard,232
sweetbasil,233
jamaicaginger,234
sweetenedcondensedmilk,235
freshlemonjuice,236
freshlemonzest,237
berries,238
chickenthighs,239
bonelesschicken,240
crouton,241
greenchilipeppers,242
groundcoriander,243
flourtortillas,244
chickenlegs,245
freshbasil,246
hoisinsauce,247
gingerroot,248
cinnamonsticks,249
cardamompods,250
cloves,251
chickenbreasthalves,252
groundcardamom,253
groundcloves,254
groundcumin,255
freshcoriander,256
groundginger,257
currypowder,258
beefbrisket,259
mushroomstemsandpieces,260
whitewine,261
capers,262
coconut,263
strawberryJell-Ogelatindessert,264
hotwater,265
chorizosausage,266
andouillesausages,267
cayenne,268
cookedlong-grainrice,269
Tabascosauce,270
PhiladelphiaCreamCheese,271
cherrypiefilling,272
raisins,273
cornsyrup,274
groundpepper,275
groundsage,276
drymustard,277
redchilisauce,278
RedChiliSauce(ToBeUsedWithTraditionalTamales,279
masaharina,280
pecanhalves,281
unsaltedbutter,282
instantchickenbouillongranules,283
greenonions,284
waterchestnuts,285
frozengreenpea,286
sirlointipsteaks,287
plainyogurt,288
drieddill,289
redwinevinegar,290
CoolWhip,291
beefsteak,292
tortilla,293
strawberrygelatin,294
celeryribs,295
smokedsausage,296
parsleyflakes,297
driedthymeleaves,298
mediumshrimp,299
broth,300
rolledoats,301
thymeleaves,302
pumpkinpuree,303
mildItaliansausage,304
redbellpeppers,305
basil,306
baconbits,307
freshgarlic,308
lemon,309
cakeflour,310
purevanillaextract,311
beefstewmeat,312
cookedrice,313
leanroundsteak,314
low-sodiuminstantchickenbouillongranules,315
redwine,316
yellowsweetonion,317
sweetbellpepper,318
darkchocolate,319
bittersweetchocolate,320
limejuice,321
Hungarianpaprika,322
Mexicanchilipowder,323
driedcilantro,324
drysherry,325
reducedsodiumsoysauce,326
chickenbouilloncubes,327
poultryseasoning,328
spaghetti,329
tomatojuice,330
jumbopastashells,331
MortonTenderQuicksalt,332
liquidsmoke,333
garlicjuice,334
redpepperflakes,335
bambooshoots,336
wontonwrapper,337
gingerpowder,338
unsiftedflour,339
walnuts,340
bonelessskinlesschickenbreast,341
smallshellpasta,342
bonelessporkroast,343
driedpintobean,344
cuminseeds,345
wholetomatoes,346
dicedgreenchilies,347
cheese,348
sesameseeds,349
bowtiepasta,350
freshspinach,351
broccolifloret,352
alfredosauce,353
basilpesto,354
driedrubbedsage,355
lemonrind,356
wontonwrappers,357
ricepapersheet,358
smallshrimp,359
freshcilantroleaves,360
freshmintleaves,361
cucumber,362
freshbeansprout,363
peanuts,364
nuocnam,365
powderedsugar,366
whitecornsyrup,367
chilibeans,368
muenstercheese,369
redIrishale,370
crushedredpepperflakes,371
peppercorns,372
redonion,373
mustardpowder,374
applecidervinegar,375
groundallspice,376
lowsodiumchickenbroth,377
redchilies,378
fettuccinepasta,379
grahamcrackerpiecrusts,380
cocoapowder,381
dillpickles,382
zitipasta,383
Italiansausage,384
low-fatmayonnaise,385
driedsweetenedcranberries,386
buttonmushrooms,387
half-and-half,388
pennepasta,389
sugarsnappea,390
stewedtomatoes,391
crackedpepper,392
bouillon,393
tablesalt,394
russetpotatoes,395
herbseasonedstuffingmix,396
chipotlechiles,397
brownsugarsubstitute,398
winevinegar,399
chickenbreastfillet,400
potato,401
frozencorn,402
dicedtomato,403
redkidneybeans,404
pimiento,405
Italianparsley,406
freshblueberries,407
lightcreamcheese,408
nonfatsourcream,409
chickenbouilloncube,410
lemonslice,411
provolonecheese,412
freshoregano,413
flakedcoconut,414
pittedripeolives,415
plumtomatoes,416
corntortillachips,417
sherrywine,418
pineapplechunks,419
carawayseed,420
choppedtomatoes,421
penne,422
bonelessskinlesschicken,423
jalapenochile,424
garammasala,425
redseedlessgrapes,426
RedDeliciousapple,427
lettuceleaf,428
largeshrimp,429
driedmarjoram,430
rubbedsage,431
chilisauce,432
flatleafparsley,433
chipotlechilesinadobo,434
cremefraiche,435
spinach,436
turbinadosugar,437
plumtomato,438
shallots,439
pitteddates,440
groundturkey,441
hamburger,442
creamypeanutbutter,443
chunkypeanutbutter,444
grahamcrackerpiecrust,445
dicedtomatoeswithmildgreenchilies,446
colbycheese,447
realvanillaextract,448
drycrushedredpepper,449
rotinipasta,450
lemonpepper,451
hamburgermeat,452
nonfatmilk,453
seasoningsalt,454
longgrainrice,455
marsalawine,456
rindof,457
staranise,458
cinnamonstick,459
fennelseed,460
cilantro,461
basilleaves,462
mintleaf,463
limes,464
srirachasauce,465
romainelettuce,466
freshlemonrind,467
beefroundsteak,468
beefchuck,469
frozengreenbeans,470
barley,471
driedparsleyflakes,472
beefbouillongranules,473
shellmacaroni,474
ripeolives,475
dillweed,476
pineapplechunksinjuice,477
whitewinevinegar,478
keylimejuice,479
mashedsweetpotatoes,480
firmbananas,481
banana,482
broiler-fryerchickens,483
tarragon,484
grahamcrackers,485
instantespressopowder,486
instantcoffeepowder,487
chocolate,488
sage,489
processAmericancheese,490
iceberglettuce,491
redapples,492
seedlessgrapes,493
slicedwaterchestnuts,494
breakfastsausage,495
kidneybeans,496
driedrosemary,497
center-cutporkchops,498
bulkporksausage,499
broccoliflorets,500
chickenbouillongranule,501
bulksausage,502
Velveetacheese,503
Bourbon,504
bonelessporkloinroast,505
cuminseed,506
tomatillosalsa,507
peanutbutter,508
9-inchgrahamcrackercrusts,509
chunkysalsa,510
greenbellpeppers,511
chickenmeat,512
bonelessbeefchuckroast,513
orangezest,514
couscous,515
kielbasa,516
Americancheese,517
8-inchflourtortillas,518
mincedgarliccloves,519
grahamcrackercrumbcrust,520
bulkItaliansausage,521
frozenchoppedspinach,522
cottagecheese,523
StoveTopstuffingmix,524
mashedpotatoes,525
cookedpasta,526
chipotlechile,527
otherdrywhitewine,528
freshthyme,529
nonfatplainyogurt,530
fat-freemayonnaise,531
cookedbrownrice,532
cornmeal,533
ClassicPieCrust,534
IdiotProofStep-By-StepPhotoTutorial,535
russetbakingpotatoes,536
kale,537
swisschard,538
cuminpowder,539
jelliedcranberrysauce,540
dijon-stylemustard,541
chocolatechips,542
softsilkentofu,543
masaharinaflour,544
spicybrownmustard,545
Season-Allsalt,546
bonelessskinlesschickenthighs,547
powderedginger,548
driedoreganoleaves,549
pintobeans,550
whitebeans,551
corn,552
skinlesschicken,553
reduced-sodiumchickenbroth,554
nectarines,555
babybokchoy,556
freshbasilleaves,557
bonelessporkloin,558
prosciutto,559
freshrosemary,560
celerypowder,561
mixedfreshherbs,562
saltedbutter,563
coarsesalt,564
sweetonions,565
oreganoleaves,566
fryingchicken,567
mincedgarlicclove,568
granulatedsugar,569
limezest,570
bottledgarlic,571
frozenraspberries,572
frozenblueberries,573
cookingapples,574
KitchenBouquet,575
cornbreadstuffingmix,576
turkeybroth,577
lowsodiumsoysauce,578
toastedsesameseeds,579
no-salt-addedchickenbroth,580
fishsauce,581
freshshrimp,582
roastedpeanuts,583
lemonwedge,584
bonelessporkchops,585
condensedchickenbroth,586
Ro-Teltomatoes,587
vegetablebroth,588
freshgarlicclove,589
groundoregano,590
darkredkidneybeans,591
beeftenderloin,592
skimmilk,593
grahamcrackercrust,594
vanillaflavorinstantpuddingandpiefillingmix,595
vegetarianinstantvanillapuddingmix,596
pankobreadcrumbs,597
tomatoketchup,598
driedsage,599
celeryseeds,600
preparedyellowmustard,601
coconutmilk,602
chickencutlets,603
sirloinbeef,604
zestof,605
sun-driedtomato,606
long-grainrice,607
blackbeans,608
frozencornkernels,609
sunflowerseeds,610
seasonedricevinegar,611
deliham,612
gruyere,613
freshthymeleaves,614
drymarsala,615
hamhocks,616
freshcoarsegroundblackpepper,617
poblanochiles,618
limabeans,619
babylimabeans,620
hambone,621
celeryleaves,622
bottledlemonjuice,623
fennel,624
freshsage,625
lightsourcream,626
groundchicken,627
chickenthigh,628
ricevinegar,629
ricewine,630
sweetpotato,631
wholeberrycranberrysauce,632
MiracleWhip,633
wholechicken,634
dicedtomatoeswithgreenchilies,635
greatnorthernbeans,636
smallmushrooms,637
chickenpiece,638
vodka,639
celeryrib,640
Italian-styletomatosauce,641
vermouth,642
fat-freechickenbroth,643
fat-freeevaporatedmilk,644
bonelesschickenbreasts,645
savory,646
basmatirice,647
apple,648
soyasauce,649
roastbeef,650
demi-glace,651
smokedkielbasa,652
navybeans,653
cannellinibeans,654
colby-montereyjackcheese,655
groundlamb,656
eggplants,657
kassericheese,658
whitecheddarcheese,659
portabellamushrooms,660
freshherb,661
freshchives,662
driedmint,663
liquidsmokeflavoring,664
darkmolasses,665
yellowmustard,666
scallions,667
tartcherries,668
cannedtomatoes,669
freshrosemaryleaf,670
pineappletidbits,671
sweetpeppers,672
yellowcornmeal,673
CarnationEvaporatedMilk,674
sun-driedtomatoes,675
oliveoilflavoredcookingspray,676
darkbeer,677
kidneybean,678
montereyjackpeppercheese,679
crackedblackpepper,680
whitechocolate,681
raspberries,682
chives,683
dill,684
bacondrippings,685
seasonedcroutons,686
skinlesschickenpieces,687
half-and-halfcream,688
freshstrawberries,689
herbs,690
softtofu,691
water-packedartichokehearts,692
skinlesschickenbreasts,693
freshbasilleaf,694
nonfatbeefbroth,695
yellowbellpeppers,696
orangebellpeppers,697
longgrainwhiterice,698
beefribs,699
mildsalsa,700
bonelessskinlesschickenbreasthalf,701
1%low-fatmilk,702
groundmustard,703
sweetenedflakedcoconut,704
mango,705
apricots,706
pineapple,707
mirin,708
bonelesspork,709
hotredpepperflakes,710
bakingpotatoes,711
sharpcheddarcheese,712
Splendasugarsubstitute,713
goldendeliciousapple,714
greenbeans,715
chive&onioncreamcheese,716
creminimushrooms,717
whitemushrooms,718
gorgonzola,719
chickenthighpieces,720
groundcayennepepper,721
unbleachedflour,722
jalapenochiles,723
serranochili,724
groundturmeric,725
skinlesschickenthighs,726
freshrhubarb,727
lowsodiumsalt,728
buttonmushroom,729
huntstomatopaste,730
shallot,731
whitepotatoes,732
scotchbonnetpeppers,733
celeryseed,734
MiracleWhiplight,735
puffpastry,736
redbakingapples,737
bellpeppers,738
yoghurt,739
limerind,740
broccoli,741
chipotlepeppers,742
napacabbage,743
cookingwine,744
Bisquick,745
selfrisingflour,746
biscuitmix,747
wontonskins,748
Bisquickbakingmix,749
bonelessbeefcubes,750
coconutcreampuddingmix,751
Frenchvanillapuddingmix,752
pumpkinpiefilling,753
tortillachips,754
freshBrusselssprouts,755
sweetpaprika,756
driedblack-eyedpeas,757
cayennepeppersauce,758
orange,759
xanthangum,760
gluten-freevanillaextract,761
fryerchickens,762
cilantroleaf,763
cookingsherry,764
driedrosemaryleaves,765
hickorysmokesalt,766
sagesprig,767
pickle,768
oatmeal,769
butterbeans,770
beefsirloinsteaks,771
mildgreenchilies,772
cannedchickenbroth,773
garlicgranules,774
dryparmesancheese,775
peppercorn,776
wholecloves,777
HotDog/HamburgerBuns/Rolls/CinnamonBunsDoughCycleA.b.m.,778
dillpickle,779
realmaplesyrup,780
herbedcroutons,781
blackandredpepperblend,782
turmeric,783
bananainstantpudding,784
five-spicepowder,785
freshgarliccloves,786
realbutter,787
greenpeas,788
self-risingflour,789
picodegallo,790
avocado,791
chocolatecurls,792
mincedbeef,793
spiralshapedpasta,794
cabbageandcarrotcoleslawmix,795
wildrice,796
HeinzChiliSauce,797
slicedapples,798
driedredpepperflakes,799
Italianplumtomatoes,800
darksoysauce,801
low-fatmargarine,802
cannedsalmon,803
full-fatmilk,804
vanillabean,805
Splendagranular,806
bakingapple,807
sauerkraut,808
Kittencal'sTacoSeasoningMix,809
leek,810
redcurrypaste,811
lightcoconutmilk,812
hotItaliansausage,813
chickpeas,814
darkraisin,815
londonbroilbeef,816
cornedbeef,817
babyredpotatoes,818
spicymustard,819
oystersauce,820
salmon,821
kiwi,822
freshtomatoes,823
oats,824
bonelesschickenbreasthalves,825
marjoram,826
naveloranges,827
goldenraisin,828
avocados,829
seasalt,830
aniseseed,831
romanocheese,832
acinidipepepasta,833
lemonpeel,834
driedcranberries,835
bonelesscentercutporkchops,836
light-brownsugar,837
sweetonion,838
2%cheddarcheese,839
tomatosaucewithbasilgarlicandoregano,840
rigatonipasta,841
macaroni,842
freshthymeleave,843
habaneropepper,844
freshpineapple,845
freshmango,846
purpleonion,847
rum,848
bonelessporkloinchop,849
icecreamsandwiches,850
mintchocolatechipicecream,851
strawberryicecream,852
frozenyogurt,853
chipotlechileinadobo,854
adobosauce,855
low-fatsourcream,856
cilantroleaves,857
mildcheddarcheese,858
Lea&PerrinsWorcestershireSauce,859
fatfreesalsa,860
low-fatcreamcheese,861
low-fatcheddarcheese,862
tortillas,863
skinlesschickenbreasthalves,864
pittedblackolives,865
kalamataolives,866
beef,867
wholechickens,868
tomatoeswithgarlic,869
chickenbouillongranules,870
pork,871
chickentenderloins,872
Velveetareducedfatcheeseproduct,873
bakedcorntortillachips,874
RotelTomatoes,875
greenoniontops,876
TABASCOÂ®brandChipotlePepperSauce,877
juiceandzestof,878
MajorGreychutney,879
pasta,880
wholemilkricottacheese,881
roastingchicken,882
bonelessporkloinchops,883
drieddillweed,884
chickenbouillon,885
mortonlitesalt,886
fineseasalt,887
gingerpaste,888
yukongoldpotatoes,889
Spanishonion,890
darkcornsyrup,891
